try_num,change_probability,success_this_time,cumulative,master_energy
1,0.3,0.3,0.3,0.0
2,0.33,0.231,0.531,0.13953
3,0.36,0.16884,0.69984,0.29301
4,0.39,0.11706,0.8169,0.46045
5,0.42,0.0769,0.8938,0.64184
6,0.45,0.04779,0.94159,0.83718
7,1.0,0.05841,1.0,1.0
