try_num,change_probability,success_this_time,cumulative,master_energy
1,0.6,0.6,0.6,0.0
2,0.66,0.264,0.864,0.27906
3,0.72,0.09792,0.96192,0.58603
4,0.78,0.0297,0.99162,0.9209
5,1.0,0.00838,1.0,1.0
