try_num,change_probability,success_this_time,cumulative,master_energy
1,0.45,0.45,0.45,0.0
2,0.495,0.27225,0.72225,0.2093
3,0.54,0.14999,0.87224,0.43952
4,0.585,0.07474,0.94698,0.69067
5,0.63,0.0334,0.98038,0.96275
6,1.0,0.01962,1.0,1.0
